Channel,Address,Type,Label
,,Claypaky Sharpy,Claypaky Sharpy #1
,,Claypaky Sharpy,Claypaky Sharpy #2
,,Claypaky Sharpy,Claypaky Sharpy #3
,,Claypaky Sharpy,Claypaky Sharpy #4
,,Claypaky Sharpy,Claypaky Sharpy #5
,,Claypaky Sharpy,Claypaky Sharpy #6
,,Claypaky Sharpy,Claypaky Sharpy #7
,,Claypaky Sharpy,Claypaky Sharpy #8
,,Claypaky Sharpy,Claypaky Sharpy #9
,,Claypaky Sharpy,Claypaky Sharpy #10
,,Claypaky HY B-Eye K15,Claypaky HY B-Eye K15 #1
,,Claypaky HY B-Eye K15,Claypaky HY B-Eye K15 #2
,,Claypaky HY B-Eye K15,Claypaky HY B-Eye K15 #3
,,Claypaky HY B-Eye K15,Claypaky HY B-Eye K15 #4
,,Claypaky HY B-Eye K15,Claypaky HY B-Eye K15 #5
,,Claypaky HY B-Eye K15,Claypaky HY B-Eye K15 #6
,,Claypaky HY B-Eye K15,Claypaky HY B-Eye K15 #7
,,Claypaky HY B-Eye K15,Claypaky HY B-Eye K15 #8
,,Claypaky HY B-Eye K15,Claypaky HY B-Eye K15 #9
,,Claypaky HY B-Eye K15,Claypaky HY B-Eye K15 #10
,,Claypaky Arolla Aqua LT,Claypaky Arolla Aqua LT #1
,,Claypaky Arolla Aqua LT,Claypaky Arolla Aqua LT #2
,,Claypaky Arolla Aqua LT,Claypaky Arolla Aqua LT #3
,,Claypaky Arolla Aqua LT,Claypaky Arolla Aqua LT #4
,,Claypaky Arolla Aqua LT,Claypaky Arolla Aqua LT #5
,,Claypaky Arolla Aqua LT,Claypaky Arolla Aqua LT #6
,,Claypaky Arolla Aqua LT,Claypaky Arolla Aqua LT #7
,,Claypaky Arolla Aqua LT,Claypaky Arolla Aqua LT #8
,,Claypaky Arolla Aqua LT,Claypaky Arolla Aqua LT #9
,,Claypaky Arolla Aqua LT,Claypaky Arolla Aqua LT #10
,,Claypaky Sinfonya Profile HP,Claypaky Sinfonya Profile HP #1
,,Claypaky Sinfonya Profile HP,Claypaky Sinfonya Profile HP #2
,,Claypaky Sinfonya Profile HP,Claypaky Sinfonya Profile HP #3
,,Claypaky Sinfonya Profile HP,Claypaky Sinfonya Profile HP #4
,,Claypaky Sinfonya Profile HP,Claypaky Sinfonya Profile HP #5
,,Claypaky Sinfonya Profile HP,Claypaky Sinfonya Profile HP #6
,,Claypaky Sinfonya Profile HP,Claypaky Sinfonya Profile HP #7
,,Claypaky Sinfonya Profile HP,Claypaky Sinfonya Profile HP #8
,,Claypaky Sinfonya Profile HP,Claypaky Sinfonya Profile HP #9
,,Claypaky Sinfonya Profile HP,Claypaky Sinfonya Profile HP #10
,,Vari-Lite VL3600 Profile IP,Vari-Lite VL3600 Profile IP #1
,,Vari-Lite VL3600 Profile IP,Vari-Lite VL3600 Profile IP #2
,,Vari-Lite VL3600 Profile IP,Vari-Lite VL3600 Profile IP #3
,,Vari-Lite VL3600 Profile IP,Vari-Lite VL3600 Profile IP #4
,,Vari-Lite VL3600 Profile IP,Vari-Lite VL3600 Profile IP #5
,,Vari-Lite VL3600 Profile IP,Vari-Lite VL3600 Profile IP #6
,,Vari-Lite VL3600 Profile IP,Vari-Lite VL3600 Profile IP #7
,,Vari-Lite VL3600 Profile IP,Vari-Lite VL3600 Profile IP #8
,,Vari-Lite VL3600 Profile IP,Vari-Lite VL3600 Profile IP #9
,,Vari-Lite VL3600 Profile IP,Vari-Lite VL3600 Profile IP #10
,,Vari-Lite VL1600 Profile,Vari-Lite VL1600 Profile #1
,,Vari-Lite VL1600 Profile,Vari-Lite VL1600 Profile #2
,,Vari-Lite VL1600 Profile,Vari-Lite VL1600 Profile #3
,,Vari-Lite VL1600 Profile,Vari-Lite VL1600 Profile #4
,,Vari-Lite VL1600 Profile,Vari-Lite VL1600 Profile #5
,,Vari-Lite VL1600 Profile,Vari-Lite VL1600 Profile #6
,,Vari-Lite VL1600 Profile,Vari-Lite VL1600 Profile #7
,,Vari-Lite VL1600 Profile,Vari-Lite VL1600 Profile #8
,,Vari-Lite VL1600 Profile,Vari-Lite VL1600 Profile #9
,,Vari-Lite VL1600 Profile,Vari-Lite VL1600 Profile #10
,,Robe MegaPointe,Robe MegaPointe #1
,,Robe MegaPointe,Robe MegaPointe #2
,,Robe MegaPointe,Robe MegaPointe #3
,,Robe MegaPointe,Robe MegaPointe #4
,,Robe MegaPointe,Robe MegaPointe #5
,,Robe MegaPointe,Robe MegaPointe #6
,,Robe MegaPointe,Robe MegaPointe #7
,,Robe MegaPointe,Robe MegaPointe #8
,,Robe MegaPointe,Robe MegaPointe #9
,,Robe MegaPointe,Robe MegaPointe #10
,,Robe Spiider,Robe Spiider #1
,,Robe Spiider,Robe Spiider #2
,,Robe Spiider,Robe Spiider #3
,,Robe Spiider,Robe Spiider #4
,,Robe Spiider,Robe Spiider #5
,,Robe Spiider,Robe Spiider #6
,,Robe Spiider,Robe Spiider #7
,,Robe Spiider,Robe Spiider #8
,,Robe Spiider,Robe Spiider #9
,,Robe Spiider,Robe Spiider #10
,,Elation Proteus Maximus,Elation Proteus Maximus #1
,,Elation Proteus Maximus,Elation Proteus Maximus #2
,,Elation Proteus Maximus,Elation Proteus Maximus #3
,,Elation Proteus Maximus,Elation Proteus Maximus #4
,,Elation Proteus Maximus,Elation Proteus Maximus #5
,,Elation Proteus Maximus,Elation Proteus Maximus #6
,,Elation Proteus Maximus,Elation Proteus Maximus #7
,,Elation Proteus Maximus,Elation Proteus Maximus #8
,,Elation Proteus Maximus,Elation Proteus Maximus #9
,,Elation Proteus Maximus,Elation Proteus Maximus #10
,,Elation Proteus Hybrid,Elation Proteus Hybrid #1
,,Elation Proteus Hybrid,Elation Proteus Hybrid #2
,,Elation Proteus Hybrid,Elation Proteus Hybrid #3
,,Elation Proteus Hybrid,Elation Proteus Hybrid #4
,,Elation Proteus Hybrid,Elation Proteus Hybrid #5
,,Elation Proteus Hybrid,Elation Proteus Hybrid #6
,,Elation Proteus Hybrid,Elation Proteus Hybrid #7
,,Elation Proteus Hybrid,Elation Proteus Hybrid #8
,,Elation Proteus Hybrid,Elation Proteus Hybrid #9
,,Elation Proteus Hybrid,Elation Proteus Hybrid #10
,,ETC ColorSource Spot V,ETC ColorSource Spot V #1
,,ETC ColorSource Spot V,ETC ColorSource Spot V #2
,,ETC ColorSource Spot V,ETC ColorSource Spot V #3
,,ETC ColorSource Spot V,ETC ColorSource Spot V #4
,,ETC ColorSource Spot V,ETC ColorSource Spot V #5
,,ETC ColorSource Spot V,ETC ColorSource Spot V #6
,,ETC ColorSource Spot V,ETC ColorSource Spot V #7
,,ETC ColorSource Spot V,ETC ColorSource Spot V #8
,,ETC ColorSource Spot V,ETC ColorSource Spot V #9
,,ETC ColorSource Spot V,ETC ColorSource Spot V #10
,,ETC Source Four LED Series 3,ETC Source Four LED Series 3 #1
,,ETC Source Four LED Series 3,ETC Source Four LED Series 3 #2
,,ETC Source Four LED Series 3,ETC Source Four LED Series 3 #3
,,ETC Source Four LED Series 3,ETC Source Four LED Series 3 #4
,,ETC Source Four LED Series 3,ETC Source Four LED Series 3 #5
,,ETC Source Four LED Series 3,ETC Source Four LED Series 3 #6
,,ETC Source Four LED Series 3,ETC Source Four LED Series 3 #7
,,ETC Source Four LED Series 3,ETC Source Four LED Series 3 #8
,,ETC Source Four LED Series 3,ETC Source Four LED Series 3 #9
,,ETC Source Four LED Series 3,ETC Source Four LED Series 3 #10
